cluster,sil_embedding,sil_umap,sil_tsne,umap_vs_embedding,tsne_vs_embedding
1,0.004476442537422431,0.17301210896138555,0.1258126126497355,0.16853566642396312,0.12133617011231307
2,0.1405276250659922,0.60528366714608,0.43861187822070297,0.46475604208008775,0.29808425315471077
3,0.09657257574624531,0.4553581606972695,0.21912660485965707,0.3587855849510242,0.12255402911341176
4,0.01346340859660007,0.13878275151153893,0.0872326459167823,0.12531934291493887,0.07376923732018223
5,0.15005398801565745,0.8445516974564724,0.5773699880404967,0.6944977094408149,0.4273160000248392
6,0.016754528549669277,0.42017972032915024,0.27018401725491004,0.40342519177948094,0.25342948870524074
NA,0.06978658823161878,0.4180661978686422,0.26314913670733914,0.3482796096370234,0.19336254847572037
