model_id,model_name,hit_at_1,hit_at_3,hit_at_5,hit_at_10,mrr,hit_at_1_sub,hit_at_3_sub,hit_at_1_cls,hit_at_3_cls,hit_at_1_sup,hit_at_3_sup,hit_at_1_kin,hit_at_3_kin,mrr_weighted,n_eval
miniLM,all-MiniLM-L6-v2,0.05750957311019714,0.09856757906679904,0.12338675365196426,0.1621401219685151,0.09325454923394684,0.03251435726931215,0.0664536465305065,0.008877734492058736,0.01487114174408151,2.2369696517783908e-4,5.219595854149578e-4,0,1.4877631481068215e-4,0.09856026792108977,28204
mpnet,all-mpnet-base-v2,0.009340777324457806,0.015174289599885477,0.018395247297974374,0.02472979743754921,0.015466954876551116,0.004747386759581882,0.009625435540069687,9.452153200499074e-4,0.0017391961888918296,7.526153383005946e-5,5.64461503725446e-4,7.508071176514753e-5,3.378632029431639e-4,0.016358903476641946,27942
scibert,allenai/scibert_scivocab_uncased,0.004008302913177296,0.0070861069357955764,0.010235487796149165,0.013134349724429175,0.008110512525666328,0.0020034843205574914,0.00431184668989547,1.8904306400998146e-4,7.939808688419221e-4,3.0104613532023783e-4,8.655076390456837e-4,0,0,0.008752453440528694,27942
biobert,dmis-lab/biobert-v1.1,0.004652494452795076,0.007694510056545702,0.009949180445207931,0.01503113592441486,0.008985484942563333,0.0013937282229965157,0.003005226480836237,2.2685167681197777e-4,4.5370335362395555e-4,7.526153383005946e-5,1.8815383457514864e-4,7.508071176514753e-5,7.508071176514753e-5,0.009301487872704562,27942
